epoch,ctc_loss,val_loss,cer,wer
0.0,44.812477111816406,46.10796356201172,1.0,1.0
1.0,43.911258697509766,46.189754486083984,1.0,1.0
2.0,43.52074432373047,46.111087799072266,1.0,1.0
3.0,43.29424285888672,46.2143440246582,1.0,1.0
4.0,43.09993362426758,46.50288009643555,1.0,1.0
