epoch,ctc_loss,val_loss,cer,wer
0.0,169.2333984375,154.45904541015625,1.0,1.0
